"2020","Summerland","The Herd","227000","5","14","","115"
"4wd Motion","We Are The Ones……(We&#39;ve Been Waiting For)","Visionaries","202000","5","17","","26"
"616 Rewind [Deluxe Edition] (feat. Tonedeff, Sankofa, Kashal Tee &amp; Celph Titled)","Will Rap for Food [Deluxe Edition]","CunninLynguists","255000","5","11","","108"
"808","80 HRTZ","Eligh","182000","5","24","","251"
"Acid Jazz Singer","Here We Stand","The Fratellis","261000","5","34","","178"
"Afterlife","Avenged Sevenfold","Avenged Sevenfold","351000","5","22","","29"
"Alcohol","Bling Bling Bling!","Millionaires","185000","5","6","","100"
"A Little Piece Of Heaven","Avenged Sevenfold","Avenged Sevenfold","480000","5","41","","28"
"All The Same","V","Wavves","116000","5","28","","179"
"All Your Light (Times Like These)","In The Mountain In The Cloud","Portugal. The Man","266000","5","18","","59"
"American Wasted","Race You to the Bottom","New Medicine","187000","5","15","","147"
"A Million Ways","Oh No","OK Go","193000","5","26","","117"
"...And Now You&#39;re Old Enough, I Think That You Should Know","Where Do You Hide Your Toys","Sugar Army","218000","5","28","","260"
"A Prophecy (Big Chocolate)","Stepped Up And Scratched","Asking Alexandria","267000","5","11","","97"
"At the Helm","3rd Eye Vision","Hieroglyphics","258000","5","8","","110"
"Auto Party Pilot","Rainbows in Space","The Bennies","233000","5","17","","290"
"Back Against the Wall (featuring Moroney &amp; Rite Hook)","The King of Everything Else","Slaine","202000","5","39","","56"
"Bad Candy","Twisted Wheel","Twisted Wheel","178000","5","23","","135"
"Bad Girlfriend","Scars &amp; Souvenirs","Theory Of A Deadman","205000","5","13","","160"
"Bad Guys","Virginity","Bleeding Knees Club","162000","5","27","","171"
"Bad Habits","Too","FIDLAR","332000","5","80","","281"
"Bad Medicine","Too","FIDLAR","176000","5","86","","259"
"Bad Religion (Bonus Track)","Believers (Deluxe Edition)","¡Mayday!","175000","5","36","","191"
"Beat Me Up","Afraid Of Heights","Wavves","140000","5","38","","264"
"Beautiful Ugly (Ft. Jess Harlen)","…and Then Tomorrow Came","Muph &amp; Plutonic","254000","5","26","","164"
"Beef &amp; Broccoli","Revolutionary, Vol.1","Immortal Technique","125000","5","10","","300"
"Believers","Believers (Deluxe Edition)","¡Mayday!","185000","5","53","","185"
"Bionic","How I Learned to Stop Worrying and Love the Bomb","Mr. SOS","266000","5","20","","229"
"Bitch Bad","Food &amp; Liquor II: The Great American Rap Album Pt. 1","Lupe Fiasco","289000","5","9","","35"
"Bitcoin Beezy","Mursday","¡Mayday!","224000","5","24","","244"
"Bite Hard","Tonight: Franz Ferdinand","Franz Ferdinand","204000","5","13","","18"
"Black Moon Spell","Black Moon Spell","King Tuff","293000","5","29","","270"
"Blazing Arrow","Blazing Arrow","Blackalicious","159000","5","11","","107"
"Bleed It Out","Minutes To Midnight","Linkin Park","164000","5","21","","344"
"Blessings (feat. Drake)","Dark Sky Paradise (Deluxe)","Big Sean","252000","5","15","","231"
"Blue Monday","Candyass","Orgy","267000","5","14","","323"
"Bodies Made Of","Sunbathing Animal","Parquet Courts","201000","5","31","","1"
"Bombshell","Anyone For Doomsday?","Powerman 5000","194000","5","14","","127"
"Boom Boom Boom","Brothers Grimm","Drapht","227000","5","13","","186"
"Boom","Satellite","P.O.D.","190000","5","12","","341"
"Boxer (Acoustic)","The B-Sides","The Gaslight Anthem","185000","5","11","","55"
"Boys In The Wood","Underneath The Rainbow","Black Lips","217000","5","14","","321"
"Break Stuff","Significant Other","Limp Bizkit","166000","5","8","","342"
"Bully Bully","When Pigs Fly","The Chicharones","268000","5","22","","235"
"Burried in Teeth","Faces in the Rocks","Mariee Sioux","359000","5","7","","325"
"California","Swan Songs","Hollywood Undead","196000","5","11","","161"
"Campfire","This Was Tomorrow","Seth Sentry","247000","5","16","","166"
"Can You Feel My Heart","Sempiternal (Deluxe Edition)","Bring Me The Horizon","227000","5","12","","27"
"Captain Caveman (feat. R.A. The Rugged Man)","Killmatic","Apathy","243000","5","21","","87"
"Caribou Lou (Explicit)","Everready","Tech N9ne","271000","5","18","","216"
"Celebrate","Kelvin","Kutt Calhoun","263000","5","16","","48"
"Cellophane","I&#39;m In Your Mind Fuzz","King Gizzard &amp; The Lizard Wizard","190000","5","19","","269"
"Chainsaw Symphony","Lets Get Violent","Lo Key","234000","5","11","","61"
"City","Swan Songs","Hollywood Undead","214000","5","16","","157"
"Clack Clack Clack","Spasefase","Prevail of Swollen Members","154000","5","11","","71"
"Confrontation","The Ascension","Otep","192000","5","12","","170"
"Coolio","Lyrics of Fury II","Abstract Rude","216000","5","10","","106"
"Crank","Ultra Dubstep","Omar LinX","238000","5","11","","16"
"Crazy Train","The Ozzman Cometh","Ozzy Osbourne","289000","5","12","","336"
"Creepy Crawl","Death Rap","Necro","125000","5","21","","318"
"Crooked Spoons","The Ascension","Otep","259000","5","16","","118"
"Crying Clown","Annabel Dream Reader","The Wytches","198000","5","18","","262"
"Cult Romance","Tom Ugly EP","Tom Ugly","235000","5","48","","49"
"Curse Of The Word","Position Correction","TZU","261000","5","16","","213"
"Damage Case","Overkill (Bonus Track Edition)","Motörhead","182000","5","14","","333"
"Damage (feat. Snow Tha Product)","NEH&#39;MIND","Krizz Kaliko","168000","5","7","","67"
"Darker Shades","Thrift Store Halos","Mayday","225000","5","23","","196"
"Dead Bite","Songs from the Underground - A Tribute to Hollywood Undead","Rock Tragedy Masters","217000","5","14","","162"
"Death March Intro (feat. DJ Green Lantern)","The 3rd World","Immortal Technique","157000","5","15","","304"
"Debbie","Pity Girl","Mary Magdalan","407000","5","9","","124"
"Definition of a Rap Flow (Albee 3000) (feat. Amalie Bruun)","Legends Never Die","R.A. The Rugged Man","209000","5","17","","84"
"Die A Happy Man (Feat. Jane Tyrrell)","Feedback Loop","Tuka","296000","5","41","","4"
"Die My Bride","Beyond The Valley Of The Murderdolls [Special Edition]","Murderdolls","189000","5","14","","120"
"Different (feat. Living Legends)","Angelz W.I.T Dirty Faces","Sunspot Jonz","230000","5","21","","256"
"DLZ","Dear Science","TV On The Radio","228000","5","18","","43"
"Doe-Active","Doe-Active","A$AP Ferg","205000","5","11","","232"
"Domo23","Wolf","Tyler, The Creator","158000","5","21","","36"
"Don&#39;t Give up the Ship (feat. Kappa Gamma)","Connecticut Casual","Apathy","218000","5","39","","90"
"Don’t Wait Up","Life Death Time Eternal (Deluxe)","Tuka","251000","5","7","","114"
"Down in the Morgue","The Story of Kristy Killings","Snow White&#39;s Poison Bite","164000","5","16","","130"
"Drenched In Blood (feat. Planetary, Demoz, Crypt The Warchild, King Syze &amp; Vinnie Paz)","Army Of The Pharaohs: The Unholy Terror","Jedi Mind Tricks","234000","5","18","","60"
"Drive Desperate","Hold My Home","Cold War Kids","250000","5","24","","54"
"Drowning In Ecstasy","Little Mighty Rabbit","Lords of Acid","294000","5","9","","125"
"Drunk Dial (feat. Murs &amp; Grieves)","Strange Journey Volume Three","CunninLynguists","223000","5","26","","226"
"Duality","Vol. 3 (The Subliminal Verses)","Slipknot","252000","5","15","","153"
"Ducking &amp; Dodging","Sunbathing Animal","Parquet Courts","269000","5","34","","272"
"Egyptian In The Night","Struggle From The Subway To The Charts","Nuttin&#39; But Stringz","277000","5","7","","31"
"Elect the Dead","Elect the Dead","Serj Tankian","174000","5","15","","338"
"Equal Rights, Equal Lefts","Generation Doom (Deluxe Edition)","Otep","210000","5","21","","37"
"Everything Revival","Blowout","The So So Glos","223000","5","10","","172"
"Everytime","Breakfast At Fatboys","Butterfingers","262000","5","21","","220"
"Exhausted Love","E&amp;A","Eyedea &amp; Abilities","320000","5","10","","12"
"Exile On Frog Street","Pom Pom","Ariel Pink","287000","5","10","","173"
"Exoskeletons Remix (Deluxe Bonus) [feat. Apathy, Psych Ward &amp; Celph Titled]","The Underworld [Deluxe Edition]","Reel Wolf","281000","5","43","","62"
"Exostomp (Jump up High)","Grand Central","Flux Pavilion","212000","5","7","","7"
"Factories","PUP","PUP","269000","5","14","","176"
"Fall Foliage","Lovetune for Vacuum","Soap&amp;Skin","164000","5","1","","329"
"Feedback Loop","Feedback Loop","Tuka","260000","5","34","","194"
"First of My Kind","First of My Kind EP","Miles Kane","192000","5","18","","81"
"Flawed Beautiful Creatures (Summer Version)","BEcoming","Stacy Barthe","192000","5","13","","274"
"Fly Away","Blue Volume","Joelistics","244000","5","25","","141"
"Found Somebody Else","Kiss My Apocalypse","Abbe May","173000","5","17","","287"
"Fragile (feat. Kendrick Lamar, ¡Mayday!, Kendall Morgan)","Something Else (All Access Edition)","Tech N9ne","236000","5","18","","182"
"Fragile Male For Sale","Annabel Dream Reader","The Wytches","227000","5","16","","180"
"Freak Like Me","The Strange Case Of...","Halestorm","218000","5","13","","152"
"Freedom of Speech","Revolutionary, Vol.2 (Parental Advisory)","Immortal Technique","187000","5","14","","303"
"Free (feat. Tech N9ne &amp; Krizz Kaliko)","Speaking of the Devil","Aqualeo","329000","5","20","","139"
"Friendly Fires","Better Nature","Silversun Pickups","328000","5","15","","53"
"Furr","Furr","Blitzen Trapper","247000","5","11","","351"
"Get Crunk","I&#39;m Not A Fan, But The Kids Like It","brokeNCYDE","263000","5","13","","104"
"Get Em Boyz","Goonies Never Die","The Instant Messengers","139000","5","20","","286"
"Getting Naked, Playing with Guns","Christmas Island","Andrew Jackson Jihad","198000","5","9","","6"
"Girl From Gore","Breakfast At Fatboys","Butterfingers","141000","5","18","","219"
"Go","The Cold Light of Day","Dialectrix","187000","5","19","","129"
"Gremlin","King of Pain EP","Madchild","220000","5","19","","73"
"Guyamas Sonora","The Flying Club Cup","Beirut","211000","5","9","","327"
"Hallway Homicide","Remember When","The Orwells","151000","5","48","","184"
"Halo","Grand Caravan To The Rim Of The World","3 Melancholy Gypsys","253000","5","36","","255"
"Happy Hippie Birthday","I Thought I Was An Alien","Soko","241000","5","8","","330"
"Hard To Explain","Is This It","The Strokes","224000","5","9","","8"
"Hater Monkeys","Fuq-n-es-kay","Scene Kidz","174000","5","8","","98"
"Haunted","Bloody Radio","Grayskul","169000","5","9","","22"
"Hear Me Now","American Tragedy (Deluxe Edition)","Hollywood Undead","214000","5","10","","99"
"Heart Attack (Instrumental)","Heart Attack","Necro","203000","5","6","","320"
"Heart Remains","Voyager","Joelistics","394000","5","14","","193"
"Heart Skipped A Beat","xx","The xx","242000","5","11","","350"
"Heavyweight Champion of the World","Walls Have Ears-21 Years of Wall of Sound","Reverend And The Makers","204000","5","15","","136"
"Helicopter","Pocket Full of Dreams","Diafrix","164000","5","9","","112"
"Heroes of Our Time","Ultra Beatdown","Dragonforce","435000","5","8","","17"
"Hey Little World","The Black And White Album","The Hives","202000","5","19","","138"
"Hey Now","New Glow","Matt and Kim","169000","5","15","","52"
"High Road (feat. John Legend)","The Rising Tied","Fort Minor","196000","5","10","","163"
"High Tension","Once Upon a Crime","Necro","187000","5","17","","283"
"Hit That","Splinter","The Offspring","169000","5","19","","78"
"Hold On","Chocolate Starfish And The Hot Dog Flavored Water","Limp Bizkit","347000","5","11","","337"
"Holla-Loo-Yuh (feat. Krizz Kaliko &amp; Tech N9ne)","Legends Never Die","R.A. The Rugged Man","192000","5","17","","92"
"Hollywood","Art vs. Science","Art vs. Science","285000","5","14","","223"
"Hollywood Drive By (feat. PsychoRealm &amp; Sick Symphonies)","The 3rd World","Immortal Technique","288000","5","15","","298"
"Homeland &amp; Hip Hop (feat. Mumia Abu Jamal)","Revolutionary, Vol.2 (Parental Advisory)","Immortal Technique","164000","5","11","","308"
"I Been Dope (feat. Tech N9ne)","Black Gold","Kutt Calhoun","273000","5","16","","190"
"I Came to Party","Nine Lives","Deuce","219000","5","14","","156"
"ICANTDOITALONE","WANT (Deluxe)","3OH!3","180000","5","11","","103"
"I Don&#39;t Fuck With You (feat. E-40)","Dark Sky Paradise (Deluxe)","Big Sean","284000","5","12","","137"
"I Got You","He Will Have His Way - The Songs Of Tim &amp; Neil Finn","Philadelphia Grand Jury","192000","5","26","","238"
"I Love Work","Breakfast At Fatboys","Butterfingers","252000","5","31","","217"
"Industrial Revolution","Revolutionary, Vol.2 (Parental Advisory)","Immortal Technique","218000","5","20","","306"
"Instant Disassembly","Sunbathing Animal","Parquet Courts","432000","5","41","","295"
"Instinct Blues","Get Behind Me Satan","The White Stripes","256000","5","15","","347"
"In the Army Now","Never Hungover Again","Joyce Manor","141000","5","11","","101"
"In The Morning","Razorlight","Razorlight","222000","5","21","","41"
"It Takes a Seven Nation Army to Hold Us Back (feat. Emilio Lopez)","Where&#39;s Your Album?!!","Apathy","183000","5","45","","86"
"I Wanna Dance (But I Don&#39;t Know How)","Manhattan","Skaters","178000","5","36","","263"
"Jack Ruby (feat, Kappa Gamma)","Connecticut Casual","Apathy","189000","5","32","","89"
"Jam Hot","The &#39;Umu","Koolism","236000","5","22","","204"
"Jam Packed","Code Name: Scorpion","Code Name: Scorpion","242000","5","16","","285"
"Juggernaut","Beautiful Death Machine","Swollen Members","208000","5","19","","39"
"Kill Shit","Kickin&#39; &amp; Screamin&#39;","Krizz Kaliko","240000","5","13","","174"
"Kilojoules","Weathervanes","Freelance Whales","199000","5","10","","322"
"King Kunta","To Pimp A Butterfly","Kendrick Lamar","234000","5","16","","234"
"King Of The Rodeo","Side Stepper","The Bamboos","228000","5","13","","258"
"Kiss Me I&#39;m #!@&#39;faced","Blackout","Dropkick Murphys","334000","5","13","","77"
"Landing","Grand Caravan To The Rim Of The World","3 Melancholy Gypsys","237000","5","27","","253"
"Land Locked Blues","I&#39;m Wide Awake, It&#39;s Morning","Bright Eyes","347000","5","14","","148"
"Last Resort","Infest","Papa Roach","199000","5","13","","345"
"Learnt My Lesson Well","Yours Truly, Angry Mob (Deluxe)","Kaiser Chiefs","233000","5","25","","133"
"Leave Me Alone","Too","FIDLAR","200000","5","93","","280"
"Let It Burn","Disgraceland","The Orwells","209000","5","32","","293"
"Let Me Finish","Drowners","Drowners","151000","5","8","","0"
"Let&#39;s Get It Crackin&#39;","Nine Lives","Deuce","288000","5","11","","159"
"Life&#39;s a Bitch","Illumanation","Aqualeo","251000","5","16","","47"
"Lights And Camera","Nocturnal","Yuna","214000","5","7","","354"
"Light Show (feat. D-Sisive)","Age Like Astronauts","Sweatshop Union Presents: Pigeon Hole","239000","5","28","","42"
"Light The Match","Advisory Committee","Mirah","179000","5","11","","328"
"Like Real People Do","Take Me to Church EP","Hozier","197000","5","7","","349"
"Lipstick","Nothing to Do","Bleeding Knees Club","183000","5","27","","271"
"Little Miss Pipedream","Proudly Present... A Guide To Love, Loss &amp; Desperation","The Wombats","252000","5","13","","19"
"Live Rhymes two aka Live Animation","Reborn","AWOL ONE","267000","5","18","","23"
"Long Johns","Deep Chills","Lords of Acid","296000","5","14","","96"
"Low","K.O.D.","Tech N9ne","211000","5","13","","143"
"Lucky Ball And Chain","Flood","They Might Be Giants","166000","5","13","","93"
"Luxor Temple","In Death Reborn","Army of the Pharaohs","275000","5","18","","79"
"L. Wells","They&#39;ll Have To Catch Us First","Franz Ferdinand","211000","5","14","","32"
"Madness","Black Moon Spell","King Tuff","174000","5","26","","273"
"Make You Feel Better","Stadium Arcadium","Red Hot Chili Peppers","231000","5","10","","94"
"Mandarines","Breakfast At Fatboys","Butterfingers","237000","5","16","","167"
"Many Stylez Feat. Rebelution","Atomic Clock","Zion I","272000","5","17","","105"
"Master","Science and Sorcery","Wolf &amp; Cub","317000","5","16","","289"
"Maybe","Urban Flora EP","Alina Baraz","216000","5","14","","276"
"Medication","Lullabies To Paralyze","Queens Of The Stone Age","114000","5","12","","334"
"Midnight At The Observatory","Exit Strategy","Astronomy Class","198000","5","17","","165"
"Milk &amp; Money","Here We Stand","The Fratellis","283000","5","16","","181"
"Minor Swing","Turntable Soul Music","Belleruche","249000","5","14","","51"
"Miriams Song","Computer Love","TZU","287000","5","24","","206"
"Missing (featuring Andrea Zollo of Pretty Girls Make Graves)","Bloody Radio","Grayskul","253000","5","14","","21"
"Mocap","Children&#39;s Madness","Mad Child","365000","5","9","","64"
"Modern Man","The War Within (Deluxe Edition)","Wrekonize","202000","5","23","","201"
"My Favorite Mutiny","Pick A Bigger Weapon","The Coup","275000","5","15","","203"
"My First Wedding (+ hidden track)","Proudly Present... A Guide To Love, Loss &amp; Desperation (Special Edition)","The Wombats","274000","5","20","","169"
"My Friend John","Here We Stand","The Fratellis","182000","5","31","","187"
"My Own Parade","Mursday","¡Mayday!","210000","5","18","","189"
"My Scene","My Scene","Seth Sentry","254000","5","17","","208"
"Naked Kids","Never Trust A Happy Song","Grouplove","210000","5","23","","40"
"Never Come Down (The Brownie Song)","Strange Journey Volume One","CunninLynguists","222000","5","20","","225"
"Nobody Knows I&#39;m Famous","Speaking Volumes","Mantra","249000","5","14","","210"
"Noose &amp; Nail","The Ascension","Otep","219000","5","14","","123"
"No Rider","Distant Sense Of Random Menace","Urthboy","238000","5","21","","168"
"Not In My Name","Blue Volume","Joelistics","271000","5","26","","212"
"Now That&#39;s What I&#39;m Talkin&#39; bout","It&#39;s Pronounced Motion...","Mocean Worker","219000","5","11","","50"
"Ocean","She","Alice Smith","218000","5","10","","275"
"Oh","Diydui - EP","FIDLAR","141000","5","35","","282"
"Oh My God","Employment","Kaiser Chiefs","214000","5","20","","20"
"Okey Dog","Have a Nice Life","MURS","198000","5","30","","241"
"Omega","Z","SZA","263000","5","15","","278"
"One Foot in the Grave (feat. Bernz)","A Soiree for Skeptics","Wrekonize","213000","5","22","","192"
"One Man Army","Trail of Destruction: A Chronicle of Epic Disses","The Jokerr","269000","5","22","","72"
"One Of Us","Manhattan","Skaters","144000","5","35","","297"
"One Too Many","Breaking The Model","New Medicine","203000","5","12","","151"
"Otto","Loners Are Cool","Allday","186000","5","20","","128"
"Overdose","Too","FIDLAR","228000","5","83","","288"
"Pans in the Kitchen","Gazing at the Moonlight","Hopsin","251000","5","8","","66"
"Paradise (Extended)","Dark Sky Paradise (Deluxe)","Big Sean","215000","5","14","","230"
"Parallels","The Parallels Amongst Ourselves","Sugar Army","177000","5","38","","237"
"Parlez-Vous Francais?","Art vs. Science","Art vs. Science","213000","5","24","","236"
"Parole (Remix) (feat. DJ Green Lantern)","The 3rd World","Immortal Technique","202000","5","14","","299"
"Passing The Hat","Robbers &amp; Cowards","Cold War Kids","205000","5","25","","113"
"Perpetual Nights","Moodswings","Maxine Ashley","212000","5","9","","277"
"Perth Girls","Kiss My Apocalypse","Abbe May","196000","5","23","","242"
"Peruvian Cocaine","Stronghold - Mixtape Vol. 2","Immortal Technique, Pumpkinhead, Diabolic, Tonedeff, Poison Pen, Loucipher...","208000","5","11","","305"
"Piss On Ya","Breakfast At Fatboys","Butterfingers","336000","5","14","","218"
"Planes","The Holidays","The Holidays","189000","5","10","","69"
"Point of No Return","Revolutionary, Vol.2 (Parental Advisory)","Immortal Technique","241000","5","15","","310"
"Polka","Draw Attention To Themselves (Wide Release)","Yves Klein Blue","249000","5","64","","239"
"Position Correction","Position Correction","TZU","237000","5","25","","209"
"Positive Balance (feat. BigZoo)","Revolutionary, Vol.1","Immortal Technique","197000","5","16","","313"
"Pressure","Black Magic","Swollen Members","203000","5","28","","76"
"Primo&#39;s Four Course Meal","The Gatalog: A Collection of Chaos","Celph Titled","205000","5","15","","74"
"Progress Program (Mad Child 2013 Mix)","Progress Program","Mad Child","334000","5","9","","65"
"Proving Grounds","Guilty Pleasure","Attila","208000","5","8","","343"
"Puppet Masters (Bonus Track)","The War Within (Deluxe Edition)","Wrekonize","233000","5","14","","199"
"Rainbow Kraut","Tangalooma","The John Steel Singers","274000","5","32","","240"
"Reavelations","Illumanation","Aqualeo","186000","5","18","","46"
"Rebel Arms (feat. Da Circle &amp; J. Arch)","The 3rd World","Immortal Technique","230000","5","14","","302"
"Rebirth Of Slick (Cool Like Dat)","Reachin&#39; (A New Refutation Of Time And Space)","Digable Planets","261000","5","11","","202"
"Reel Wolf: The Underworld (Goon MuSick Remix) [feat. Tech N9ne, Vinnie Paz, Ill Bill, Slaine, Celph Titled, King Gordy, Sid Wilson, PMD, Sean Strange, Apathy, Swifty McVay, Reef The Lost Cauze &amp; Bizarre]","Black Snow 2","Snowgoons","330000","5","8","","85"
"REVOFEV","Man On The Moon II: The Legend Of Mr. Rager","Kid Cudi","183000","5","9","","33"
"Rich Kids - [Middle Cla$$ MIX]","Race You to the Bottom","New Medicine","181000","5","20","","154"
"Round Here (Album Version Explicit)","Tha Blue Carpet Treatment","Snoop Dogg","222000","5","10","","80"
"Say I&#39;m Good","Blue Volume","Joelistics","177000","5","31","","140"
"Scallops","The Herd","The Herd","291000","5","18","","211"
"Scary Stories to Tell in the Dark (feat. Charles Xavier)","The Insane Asylum","Twisted Insane","205000","5","18","","198"
"Scientific Method (remix)","Power Movement Remixes","Tajai","230000","5","17","","14"
"Set It","DIE!","Necro","213000","5","29","","319"
"Sexting Remix (feat. Jeffree Star)","Epic (Deluxe Edition)","Blood On The Dance Floor","222000","5","7","","102"
"Shame (Explicit)","Loud Rocks","System Of A Down &amp; Wu-Tang Clan","160000","5","8","","13"
"She dances wicked","Reborn","AWOL ONE","155000","5","22","","25"
"Shiverman","Dr. Boondigga &amp; The Big BW","Fat Freddys Drop","634000","5","14","","267"
"Shoot Me in the Head","Legends Never Die","R.A. The Rugged Man","234000","5","24","","91"
"Shuggie","We Are The 21st Century Ambassadors Of Peace &amp; Magic","Foxygen","201000","5","13","","292"
"Sick Shit","Badillac","together PANGEA","246000","5","50","","296"
"Signs","Grand Caravan To The Rim Of The World","3 Melancholy Gypsys","238000","5","59","","254"
"Sink or Swim","Infinite","Sweatshop Union","156000","5","33","","70"
"Sleep","Lovetune for Vacuum","Soap&amp;Skin","164000","5","1","","324"
"Sleeping Lessons","Wincing The Night Away","The Shins","238000","5","11","","145"
"Slumlord Trillionaire$ (feat. AWOL ONE)","By Hook or by Crook (Evil Ebenezer &amp; Metty The Dertmerchant)","Sweatshop Union Presents: The Trillionaire$","227000","5","7","","3"
"Snakedog","Snakedog","together PANGEA","169000","5","24","","10"
"Snatch And Grab","Breakfast At Fatboys","Butterfingers","232000","5","21","","221"
"Sober","Too","FIDLAR","146000","5","99","","315"
"So Dope (They Wanna) (feat. Wrekonize, Snow Tha Product, Twisted Insane)","Something Else (All Access Edition)","Tech N9ne","259000","5","19","","175"
"Someone New","Youth Culture Forever","Paws","143000","5","14","","266"
"Sons &amp; Daughters","The Crane Wife","The Decemberists","313000","5","14","","144"
"Spiked Punch","Mursday","¡Mayday!","182000","5","33","","243"
"Spookshow Baby","Hellbilly Deluxe","Rob Zombie","218000","5","20","","224"
"Sticks &#39;N&#39; Stones","Kings &amp; Queens","Jamie T","240000","5","17","","134"
"Still","Pools To Bathe In","The Japanese House","198000","5","7","","352"
"Stitches","Reborn","AWOL ONE","243000","5","17","","24"
"Streetwalking","G&amp;E Music Vol. 1&amp;2","The Grouch &amp; Eligh","164000","5","12","","15"
"Summersong","The Crane Wife","The Decemberists","211000","5","14","","146"
"Sunbathing Animal","Sunbathing Animal + Content Nausea","Parquet Courts","232000","5","25","","268"
"Sunday Morning","Stay Together","Kaiser Chiefs","270000","5","9","","5"
"Super-Charger Heaven (Adults Only Mix Edited)","Supersexy Swingin&#39; Sounds","White Zombie","317000","5","8","","95"
"Surprises (feat. Ryan &quot;Myagi&quot; Evans)","Have a Nice Life","MURS","170000","5","19","","247"
"Symphony of Destruction","Dead Eyes See No Future - EP","Arch Enemy","242000","5","7","","119"
"Tabletops","Mursday (Deluxe Edition)","¡Mayday!","166000","5","27","","195"
"Tango","Invisible Inc.","Invisible Inc.","166000","5","8","","30"
"Tarantula","Seizures","Kisschasy","127000","5","10","","183"
"Tear You Apart (Album Version Explicit)","She Wants Revenge","She Wants Revenge","284000","5","14","","126"
"Tension Head","Rated R","Queens Of The Stone Age","172000","5","12","","332"
"The 4th Branch","Revolutionary, Vol.2 (Parental Advisory)","Immortal Technique","318000","5","15","","312"
"The 4th Branch - Immortal Technique","Wastelands Presents &quot;Guests of Honor&quot;","Immortal Technique","377000","5","9","","311"
"The Beautiful People","Antichrist Superstar","Marilyn Manson","218000","5","15","","346"
"The Best Day","To All My Friends, Blood Makes The Blade Holy: the Atmosphere ep&#39;s","Atmosphere","216000","5","20","","142"
"The Cause of Death","Revolutionary, Vol.2 (Parental Advisory)","Immortal Technique","353000","5","12","","314"
"The Handshake","Oracular Spectacular","MGMT","219000","5","10","","317"
"The Hives-Introduce the Metric System In Time","Punk-O-Rama 5","The Hives","126000","5","19","","335"
"The Illest (feat. Jean Grae &amp; Pumpkinhead)","Revolutionary, Vol.1","Immortal Technique","213000","5","8","","307"
"The Maestro","Trail of Destruction: A Chronicle of Epic Disses","The Jokerr","363000","5","14","","188"
"The People","Voyager","Joelistics","212000","5","25","","205"
"The Plunderers","An Elefant Never Forgets","The Herd","245000","5","17","","214"
"The Poverety of Philosophy","Revolutionary, Vol.1","Immortal Technique","373000","5","7","","309"
"There Will Be Sunshine","There Will Be Sunshine","Snoh Aalegra","216000","5","15","","279"
"The Tongue","Slaughterhouse","Ty Segall Band","161000","5","29","","265"
"The Travel Song","Position Correction","TZU","632000","5","22","","207"
"The Water","The Reminder","Feist","286000","5","11","","331"
"The Westerner","The Drug In Me Is You","Falling In Reverse","231000","5","24","","158"
"This Much I Care","Manhattan","Skaters","190000","5","25","","177"
"Tongues in Cheeks","The Parallels Amongst Ourselves","Sugar Army","213000","5","42","","261"
"Too Wet","Patterns","Froth","171000","5","10","","9"
"Toxic","The Gift Of Game","Crazy Town","168000","5","10","","339"
"Trigger","Heroes In The City of Dope","The Grouch","216000","5","9","","109"
"Trouble on My Mind (feat. Tyler, The Creator)","Fear of God II","Pusha T","212000","5","10","","34"
"True Vision","Respect the Architect","Blueprint","232000","5","10","","116"
"Two Step (feat. King Fantastic)","Have a Nice Life","MURS","186000","5","35","","246"
"Uncle Sam Goddamn","The Undisputed Truth","Brother Ali","297000","5","10","","111"
"Undead","Swan Songs","Hollywood Undead","265000","5","17","","340"
"Underground Chick (feat. Chris Webby, Kappa Gamma, ANoyd &amp; Hayze)","Connecticut Casual","Apathy","151000","5","36","","88"
"Underground Hitz (feat. Hopsin)","Legends Never Die","R.A. The Rugged Man","169000","5","17","","83"
"Under Pressure","Under Pressure (Deluxe)","Logic","559000","5","16","","233"
"Unplug","Believers (Deluxe Edition)","¡Mayday!","283000","5","52","","197"
"Unplug (feat. Bre the 1st Lady)","Brain Scatter","JL B.Hood","187000","5","13","","200"
"Us And Them","The Anatomy Of","Between The Buried And Me","472000","5","18","","257"
"Veni Vidi Vici","Good Bad Not Evil","Black Lips","148000","5","22","","294"
"Victim of Reality","Straight Ahead","Pennywise","148000","5","18","","44"
"Vitriol (E.L.F Remix)","Vitriol (E.L.F Remix)","Bluejuice","211000","5","19","","222"
"Voyage Voyage","Narrow","Soap &amp; Skin","317000","5","9","","149"
"Warwalk (feat. Chali2na, Raashan Ahman, Tash, &amp; Zumbi)","The Science Of Breath, Vol. 4","The Mighty Underdogs","249000","5","17","","284"
"Wavy","Constant Energy Struggles (Deluxe Edition)","Ces Cru","162000","5","9","","68"
"Way Too Far (feat. 12th Planet &amp; Flinch)","The Path Of Totality","Korn","229000","5","10","","121"
"Werewolf","The Adventures of Ghosthorse &amp; Stillborn","CocoRosie","290000","5","14","","326"
"We Used To Vacation","Robbers &amp; Cowards","Cold War Kids","241000","5","21","","57"
"What A Day","Statement","Nonpoint","198000","5","15","","122"
"What New York Used To Be","Midnight Boom","The Kills","197000","5","16","","58"
"What&#39;s MK Ultra?","How I Learned to Stop Worrying and Love the Bomb","Mr. SOS","247000","5","20","","227"
"When I&#39;m a Dad","Grey Crow (Deluxe Version)","Eligh","258000","5","30","","252"
"When Two Are One","Lead Sails Paper Anchor (Explicit Version)","Atreyu","280000","5","15","","155"
"White Democrats (feat. Mac Lethal)","God Save the King","Copywrite","192000","5","18","","38"
"Why I Can&#39;t Draw","Sunshine and Technology","The Smith Street Band","216000","5","15","","291"
"Wolf in Sheep&#39;s Clothing (feat. William Beckett)","Duality","Set It Off","187000","5","17","","132"
"Wolf Like Me","Return To Cookie Mountain","TV On The Radio","279000","5","9","","316"
"Wolf Pack","Chimp Blood","Pigeon Hole","194000","5","3","","2"
"Work (feat. Zero Basement)","How I Learned to Stop Worrying and Love the Bomb","Mr. SOS","195000","5","22","","228"
"World Class Fuck Up","Breaking The Model","New Medicine","172000","5","13","","150"
"X-Ray","Colour It In","The Maccabees","195000","5","14","","82"
"You Again","Mursday","¡Mayday!","297000","5","19","","249"
"You Again","Mursday (Deluxe Edition)","¡Mayday!","297000","5","20","","248"
"You Are My Enemy","Raw","Hopsin","252000","5","13","","215"
"You Are The One","We Are Pilots","Shiny Toy Guns","270000","5","12","","75"
"You Never Know (feat. Jean Grae)","Revolutionary, Vol.2 (Parental Advisory)","Immortal Technique","468000","5","12","","301"
"You&#39;re a Wolf","Leaves in the River","Sea Wolf","215000","5","14","","353"
"You&#39;re So Creepy","Party In The Graveyard","Ghost Town","215000","5","20","","131"
"You Stole the Sun","Twisted Wheel","Twisted Wheel","231000","5","12","","11"
"Youth Without Youth","Synthetica","Metric","257000","5","7","","348"
"Zero Tolerance (feat. Madchild)","White Dynamite","Snak The Ripper","226000","5","24","","45"
"Zombie Land (feat. Rite Hook)","The Boston Project","Slaine","223000","5","14","","63"
"Zones","Mursday (Deluxe Edition)","¡Mayday!","210000","5","21","","250"
"Zones","Mursday","¡Mayday!","210000","5","19","","245"
