11 Acorn Lane	Everybody's Here	Gimme Some Fuel
1200 Micrograms	Heroes Of The Imagination	Acid For Nothing
1200 Micrograms	Heroes Of The Imagination	DNA
1200 Micrograms	Heroes Of The Imagination	E=Mc2
1200 Micrograms	Heroes Of The Imagination	Language Of The Future
1200 Micrograms	Heroes Of The Imagination	WWW
2 Many DJ's	As Heard on Radio Soulwax, Pt. 2	I Wish (Acapella) / My Gigolo / Cannonball
46bliss	Wish Me Away	2B1
46bliss	Wish Me Away	8 O'Clock Train
46bliss	Wish Me Away	Joan Of Arc
Adema	Kill The Headlights	All These Years
Aesop Rock	Daylight	Daylight
Aesop Rock	Float	Spare A Match
A Fine Frenzy	One Cell In The Sea	Almost Lover
A Fine Frenzy	One Cell In The Sea	Almost Lover
Agnes Obel	Philharmonics	Riverside
Air	Talkie Walkie	Alpha Beta Gaga
Alex Clare	The Lateness Of The Hour	Too Close
Alien Project	Don't Worry Be Groovy!	Who Has The Marijuana?
Amos Lee	Supply And Demand	Sweet Pea
Andrew Bird	Armchair Apocrypha	Heretics
Andy Hunter	Exodus	Sandstorm Calling
Anita Coats	The Curse & The Gift	Some Lipstick
Anna Nalick	Wreck Of The Day	Breathe (2 AM)
A Plus (Rap)	My Last Good Deed	Kiss The Sky
Aqua	Aquarium	Doctor Jones
Aqua	Aquarium	My Oh My
Aqua	Aquarium	Roses Are Red
Arcade Fire	Funeral	Neighborhood #1 (Tunnels)
Arcade Fire	Funeral	Wake Up
Arcade Fire	Funeral	Wake Up
Arcade Fire	Neon Bible	Keep The Car Running
Arcade Fire	Neon Bible	Keep The Car Running
Arcade Fire	The Suburbs	City With No Children
Arctic Monkeys	Favourite Worst Nightmare	Fluorescent Adolescent
Arctic Monkeys	Favourite Worst Nightmare	Fluorescent Adolescent
Arctic Monkeys	Humbug	Crying Lightning
Arctic Monkeys	Humbug	Potion Approaching
Arctic Monkeys	I Bet You Look Good On The Dancefloor	Bigger Boys And Stolen Sweethearts
Arctic Monkeys	I Bet You Look Good On The Dancefloor	Bigger Boys And Stolen Sweethearts
Arctic Monkeys	Leave Before The Lights Come On	Leave Before The Lights Come On
Arctic Monkeys	Whatever People Say I Am, That's What I'm Not	From The Ritz To The Rubble
Arctic Monkeys	Whatever People Say I Am, That's What I'm Not	Mardy Bum
Arctic Monkeys	Whatever People Say I Am, That's What I'm Not	Riot Van
Arctic Monkeys	Whatever People Say I Am, That's What I'm Not	When The Sun Goes Down
Arctic Monkeys	Who The Fuck Are Arctic Monkeys?	Who The Fuck Are Arctic Monkeys?
As Tall As Lions	Lafcadio	My Glowing Morning Dreams
ATC (A Touch Of Class)	Planet Pop	Around The World (La La La La La)
ATC (A Touch Of Class)	Planet Pop	My Heart Beats Like A Drum (Dam Dam Dam)
Atmosphere	Strictly Leakage	The Things That Hate Us
Atmosphere	When Life Gives You Lemons, You Paint That Shit Gold (Explicit)	Puppets
Authority Zero	Andiamo	Mexican Radio
Avicii	Levels (Single)	Levels
Basshunter	LOL <(^^,)> (International Edition)	Professional Party People
Basshunter	Now You're Gone - The Album	All I Ever Wanted
Basshunter	Now You're Gone - The Album	Dota
Bassnectar	Timestretch	Timestretch
Beautiful Small Machines	The Robots In Love EP	Counting Back To 1
Beautiful Small Machines	The Robots In Love EP	Robots In Love
Beautiful Small Machines	The Robots In Love EP	Super Conducter
Beck	Guero	Go It Alone
Beck	Timebomb (Radio Single)	Timebomb
Ben Folds Five	Whatever And Ever Amen	Brick
B. Fleischmann	The Humbucking Coil	First Times
Bill Withers	Greatest Hits	Ain't No Sunshine
Billy Boy on Poison	On My Way (Radio Single)	On My Way
Billy Idol	Rebel Yell (Expanded Edition)	Rebel Yell
Bishop Allen	Charm School	Things Are What You Make Of Them
Bitman & Roban	Musica Para Despues De Almuerzo	Get On The Floor
Bitter:Sweet	The Mating Game	Dirty Laundry
Bitter:Sweet	The Mating Game	Dirty Laundry
Blackalicious	A2G	Deception
Blank & Jones	Monument	Flowtation
Blitzen Trapper	Furr	Lady On The Water
Blue Foundation	The Sound Of Dubstep Worldwide	Eyes On Fire (Zeds Dead Remix)
Blue Man Group	Audio	Rods And Cones
Blue October	Foiled	Into The Ocean
Blue Sky Black Death	Slow Burning Lights	Tokyo Underground
Blue Stahli	ULTRAnumb Remixes	ULTRAnumb (Album Version)
Bon Iver	Calgary (Radio Single)	Calgary
Bon Iver	For Emma, Forever Ago	For Emma
Booka Shade	The Sun & The Neon Light	Karma Car (Album Version)
Boy Robot	Rotten Cocktails	Live In Vanilla
Brad Sucks	I Don't Know What I'm Doing	Making Me Nervous
Bright Eyes	I'm Wide Awake, It's Morning	First Day Of My Life
Broken Bells	Broken Bells	Mongrel Heart
Broken Bells	Broken Bells	Mongrel Heart
Broken Bells	Broken Bells	The Ghost Inside
Broken Bells	Broken Bells	The Ghost Inside
Broken Bells	Broken Bells	The High Road
Broken Bells	Broken Bells	The High Road
Broken Bells	Broken Bells	The Mall And Misery
Broken Bells	Broken Bells	Vaporize
Brother Ali	Us	Tightrope
Buffalo Springfield	Retrospective	For What It's Worth
Butthole Surfers	Weird Revolution	The Shame Of Life
Cage The Elephant	Cage The Elephant	Ain't No Rest For The Wicked
Cage The Elephant	Cage The Elephant	Back Against The Wall
Cage The Elephant	Cage The Elephant	In One Ear
Cake	B-Sides And Rarities	War Pigs
Cake	Comfort Eagle	Comfort Eagle
Cake	Comfort Eagle	Commissioning A Symphony In C
Cake	Fashion Nugget	Nugget
Cake	Fashion Nugget	The Distance
Celldweller	Cellout EP 01	Own Little World (Klayton's We Will Never Die Mix)
Celldweller	Elara (Single)	Elara
Celldweller	Louder Than Words Remixes	Louder Than Words (Album Version)
Celldweller	Soundtrack For The Voices In My Head	Scardonia
Celldweller	Soundtrack For The Voices In My Head Vol. 02	Senorita Bonita
Celldweller	Soundtrack For The Voices In My Head Vol. 02	ShutEmDown 1
Chaosphere	Eradicate EP	System
Chumbawamba	Tubthumper	Tubthumping
City And Colour	Bring Me Your Love	The Girl
Claude Vonstroke	Select Singles, 2007	The Whistler (The Ashton Shuffle Remix)
Client	Client	Price Of Love
Clint Mansell & Kronos Quartet	Requiem For A Dream	Lux Aeterna
Clint Mansell & Kronos Quartet	Requiem For A Dream	Summer Overture
Coconut Records	Davy	Any Fun
Coconut Records	Nighttiming	West Coast
Coconut Records	Nighttiming	West Coast
Coconut Records	Nighttiming	West Coast
Coldplay	Prospekt's March	Life In Technicolor II
Coldplay	Violet Hill (Radio Single)	Violet Hill
Coldplay	Viva La Vida	Lost!
Coldplay	X&Y	A Message
Coldplay	X&Y	Talk
Cold War Kids	Robbers And Cowards	Hang Me Up To Dry
Cold War Kids	Robbers And Cowards	Hang Me Up To Dry
Conor Oberst	Conor Oberst	Milk Thistle
Corey Hart	The Singles	Sunglasses At Night
Counting Crows	August And Everything After	Mr. Jones
Creedence Clearwater Revival	Green River	Green River
CSS	Cansei De Ser Sexy	Music Is My Hot, Hot Sex
CunninLynguists	Sloppy Seconds, Vol. 1	Love Ain't (Remix)
CunninLynguists	Southernunderground (Explicit)	Love Ain't
Cursive	The Recluse	The Recluse
Daft Punk	Tron Legacy	The Game Has Changed
Dan Black (UK)	Symphonies (SupaDupa Mix Feat. Kid Cudi) (Single)	Symphonies (SupaDupa Mix Feat. Kid Cudi)
Dan The Automator	Deltron 3030 Instrumentals	Mastermind (Instrumental)
Darol Anger	Diary Of A Fiddler	Aran Boat Song (feat. Alasdair Frasier)
Darude	Before The Storm	Feel The Beat
Darude	Before The Storm	Sandstorm
Darude	Before The Storm	Sandstorm
Dave Matthews Band	Live Trax, Vol. 6 (Boston, 7.7.2006)	Crash Into Me (Live 2006)
Deadmau5	For Lack Of A Better Name	Moar Ghosts 'n' Stuff
Deadmau5	For Lack Of A Better Name	Moar Ghosts 'n' Stuff
Deadmau5	Ghosts 'n' Stuff (Single)	Moar Ghosts 'n' Stuff
Dead Or Alive	Youthquake	You Spin Me Round (Like A Record) (1985)
Death Cab For Cutie	I Will Possess Your Heart (Radio Single)	I Will Possess Your Heart
Death Cab For Cutie	Plans	I Will Follow You Into The Dark
Death Cab For Cutie	Plans	Someday You Will Be Loved
Death Cab For Cutie	Plans	Soul Meets Body
Death Cab For Cutie	Transatlanticism	The New Year
Deltron 3030	Deltron 3030	Mastermind
Depeche Mode	Music For The Masses	Never Let Me Down Again
Depeche Mode	The Singles 86>98	Policy Of Truth
Desaparecidos	Read Music/Speak Spanish	The Happiest Place On Earth
Dex Dubious	Upstairs At Larry's (Lawrence Welk Uncorked)	Bubbles In The Wine
D.H.T.	Dance Party (Like It's 2006)	Listen To Your Heart
Dido	Sex And The City 2 (Radio Tracks)	Everything To Lose
DJ Sammy & Yanou	Heaven	Heaven
Don Caballero	World Class Listening Problem	Railroad Cancellation
Don Dilego	Photographs Of 1971	Falling Into Space
Don Dilego	Photographs Of 1971	Falling Into Space
Dr. Dog	Heart It Races	Heart It Races
Dr. Dog	Heart It Races	Heart It Races
Dub FX	Everythinks A Ripple	Wandering Love
Duran Duran	A View To A Kill [Single]	The Reflex (7'' Version)
DZ & Excision	Yin Yang / Obvious	Yin Yang
Eagle-Eye Cherry	Desireless	Save Tonight
Eagles	Hotel California	Hotel California
Echo Image	Standing Alone	Standing Alone
Edward Sharpe & The Magnetic Zeros	Up From Below	40 Day Dream
Edward Sharpe & The Magnetic Zeros	Up From Below	Home
Edward Sharpe & The Magnetic Zeros	Up From Below	Home
Eiffel 65	Europop	Blue (Da Ba Dee)
Eiffel 65	Europop	Europop
Eiffel 65	Europop	Your Clown
Elastica	Elastica	Connection
Electrixx	Tetris EP	Tetris
Ellie Goulding	An Introduction To Ellie Goulding	Lights
Ellie Goulding	Divergent Spectrum	Lights (Bassnectar Remix)
Enur	Calabria Remixes	Calabria 2007 (MIMS Remix)
Erasure	Other People's Songs	Video Killed The Radio Star
Erin McCarley	Love, Save The Empty	Love, Save The Empty
Escala	Kashmir (Radio Single)	Kashmir
Eskimo (Dance)	Balloonatic - Part One	Torminator
Eskimo (Dance)	Balloonatic - Part One	Wake Walking Dream
Eurythmics	Sweet Dreams (Are Made Of This)	Sweet Dreams (Are Made Of This)
Everlast	Whitey Ford Sings The Blues (Explicit)	What It's Like
Excision	Brutal (Single)	Brutal
Explosions In The Sky	Friday Night Lights	Your Hand In Mine (Goodbye)
Explosions In The Sky	How Strange, Innocence	Remember Me As A Time Of Day
Explosions In The Sky	Take Care, Take Care, Take Care	Postcard From 1952
Explosions In The Sky	The Earth Is Not A Cold Dead Place	First Breath After Coma
Explosions In The Sky	The Earth Is Not A Cold Dead Place	Six Days At The Bottom Of The Ocean
Explosions In The Sky	Those Who Tell The Truth Shall Die, Those Who Tell The Truth Shall Live Forever	With Tired Eyes, Tired Minds, Tired Souls, We Slept
Faded Paper Figures	Dynamo	Metropolis
Faded Paper Figures	Dynamo	North By North
Faded Paper Figures	Dynamo	North By North
Faded Paper Figures	Dynamo	The Persuaded
Fall Out Boy	From Under The Cork Tree	Sugar, We're Goin' Down
Fatboy Slim	Red	Praise You
Fatboy Slim	You've Come A Long Way, Baby	Acid 8000
FC Kahuna	Machine Says Yes	Hayling
Fear Of Music	Fear Of Music	The Waltz
Feist	The Reminder: Deluxe (EP)	My Moon My Man (Grizzly Bear Remix)
Finger Eleven	Them Vs. You Vs. Me	Paralyzer
Fiona Apple	Across The Universe	Across The Universe
Fischerspooner	Odyssey	Never Win
Flight Facilities	Crave You (Adventure Club Dubstep Remix) (Single)	Crave You (Adventure Club Dubstep Remix)
Flobots	Fight With Tools	Handlebars
Flobots	Fight With Tools	Stand Up
Florence + The Machine	Ceremonials	Leave My Body
Florence + The Machine	Lungs	Dog Days Are Over
Florence + The Machine	Lungs	Drumming Song
Florence + The Machine	Lungs	Drumming Song
Florence + The Machine	Lungs	Howl
Florence + The Machine	Lungs (The B-Sides)	Ghosts (Demo)
Florence + The Machine	The Twilight Saga: Eclipse Original Motion Picture Soundtrack (Deluxe Edition)	Heavy In Your Arms
Florence + The Machine	What The Water Gave Me (Single)	What The Water Gave Me
Fort Minor	The Rising Tied (Explicit)	High Road
Foster The People	Pumped Up Kicks (Single)	Pumped Up Kicks
Foster The People	Pumped Up Kicks (Single)	Pumped Up Kicks
Foster The People	Pumped Up Kicks (Single)	Pumped Up Kicks
Foster The People	Torches	Houdini
Four Tet	Pause	Parks
Franz Ferdinand	Franz Ferdinand	40'
Franz Ferdinand	Franz Ferdinand	Take Me Out
Franz Ferdinand	Tonight:Franz Ferdinand	What She Came For
Franz Ferdinand	You Could Have It So Much Better	The Fallen
Franz Ferdinand	You Could Have It So Much Better	Well That Was Easy
Fred Astaire	Hip Hip Swing Swing	Puttin On The Ritz (Club Des Belugas Remix)
Garbage	Beautiful Garbage	Androgyny
Garbage	Beautiful Garbage	Shut Your Mouth
Garbage	Version 2.0	I Think I'm Paranoid
Gary Jules	Trading Snakeoil For Wolf Tickets	Mad World
Geto Boys	Greatest Hits (Explicit)	Damn It Feels Good To Be A Gangsta
Geto Boys	Greatest Hits (Explicit)	Straight Gangstaism
Geto Boys	The Foundation (Explicit)	G Code
Gigi D'Agostino	Massive 2002	L'amour Toujours (I'll Fly With You)
Girl Talk	Night Ripper	Ask About Me
Girl Talk	Night Ripper	Friday Night
Girl Talk	Night Ripper	Once Again
Girl Talk	Night Ripper	Too Deep
Girl Talk	Unstoppable	Keeping The Beat
GMS	Emergency Broadcast System	I Can Feel Da Music
GMS	Emergency Broadcast System	Juice (Live Version)
GMS	Emergency Broadcast System	The Ring
GMS	No Rules	Juice By Gms
GMS	No Rules	Overdose
Gnarls Barkley	St. Elsewhere	Crazy
Goldfrapp	We Are Glitter	Strict Machine (We Are Glitter Mix)
Gorillaz	Demon Days	Dare
Gorillaz	Demon Days	Dare
Gorillaz	Demon Days	El Manana
Gorillaz	Demon Days	Every Planet We Reach Is Dead
Gorillaz	Demon Days	Fire Coming Out Of The Monkey's Head
Gorillaz	Demon Days	Last Living Souls
Gorillaz	Gorillaz (Explicit)	Clint Eastwood
Gorillaz	Gorillaz (Explicit)	Clint Eastwood
Gorillaz	G Sides	19-2000 (Soulchild Remix)
Gorillaz	G Sides	19-2000 (Soulchild Remix)
Gorillaz	Now 19	Feel Good Inc.
Gorillaz	Now 19	Feel Good Inc.
Gotye	Making Mirrors	Somebody That I Used To Know (Feat. Kimbra)
Gramatik	Water 4 The Soul EP	The Unfallen Kingdom
Green Day	21st Century Breakdown (Explicit)	21 Guns
Green Day	Dookie	When I Come Around
Greenskeepers	Pleetch	Lotion
Guster	Satellite (Radio Single)	Satellite
Haddaway	Haddaway	What Is Love
Hammer House	Liquid Traxx: Volume 1	The Jumper
Hesta Prynn	Can We Go Wrong	Recall
Hilltop Hoods	The Hard Road	Breathe
Hol Baumann	[Human]	A Forgotten Ritual
Hot Chip	One Life Stand	One Life Stand
Hot Chip	One Life Stand	Take It In
Imagine Dragons	Continued Silence	Radioactive
Imagine Dragons	Continued Silence	Radioactive
Imogen Heap	Speeding Cars (Radio Single)	Speeding Cars
I Monster	Neveroddoreven	Daydream In Blue
I Monster	Neveroddoreven	Daydream In Blue
Infected Mushroom	B.P. Empire	B.P. Empire
Infected Mushroom	Legend Of The Black Shawarma	Can't Stop
Infected Mushroom	Legend Of The Black Shawarma	End Of The Road
Infected Mushroom	Legend Of The Black Shawarma	Poquito Mas
Infected Mushroom	Legend Of The Black Shawarma	Sa'eed
Infected Mushroom	Legend Of The Black Shawarma	Smashing The Opponent
Infected Mushroom	The Gathering	Release Me
Infected Mushroom	Vicious Delicious	Becoming Insane
Infected Mushroom	Vicious Delicious	Suliman
Inf	The Go Round	Power Moves, Baby
Ingrid Michaelson	Be Ok	Be Ok
Ingrid Michaelson	Be Ok	Be Ok (Acoustic)
Ingrid Michaelson	Be Ok	You And I
In-Grid	Passion	Vive Le Swing
Interpol	Our Love To Admire	Rest My Chemistry
Islands	Arms Way	Creeper
Jake Shimabukuro	Walking Down Rainhill	Heartbeat
Jaymay	Sea Green, Sea Blue EP	Gray Or Blue
Jay-Z	Run This Town (Radio Single) (Explicit)	Run This Town
Jay-Z	The Blueprint 3 (Explicit)	Young Forever
Jean Elan	Dj Masters: Unmixed	Where's Your Head At (Klaas Remix)
Jeff Buckley	Grace	Hallelujah
Jem	MTV2 (Short List) 2004 Nominees	They
Jem	Sex And The City (Soundtrack)	It's Amazing
Jet	Flushed Away (Soundtrack)	Are You Gonna Be My Girl?
Jimi Hendrix	Electric Ladyland	All Along The Watchtower
John Lennon	Imagine	Imagine
John Lennon	Rock 'N' Roll	Stand By Me
Johnny Cash	Cash Unearthed	One
Jose Gonzalez	Veneer	Heartbeats
Julian Velard	Nitetime	Maybe Baby
Juno Reactor	Gods & Monsters	Immaculate Crucifixion
Juno Reactor	Labyrinth	Mona Lisa Overdrive
Jurassic 5	Feedback (Explicit)	Canto De Ossanha
Justice	+ (Cross)	D.A.N.C.E.
Justice	D.A.N.C.E	B.E.A.T
Just Jack	Overtones	Writer's Block
Kaiser Chiefs	Off With Their Heads	Never Miss A Beat
Kanye West	Graduation (Explicit)	Homecoming
Kanye West	Late Registration (Explicit)	Gold Digger
Kanye West	The College Dropout (Explicit)	Jesus Walks
Karen Olson	Seasons Of The Soul: Viola Meditations	Emergence
Kate Nash	Foundations (Cd Single) (Explicit)	Foundations
Katie Herzig	Apple Tree	Hologram
Keane	Hopes And Fears	Somewhere Only We Know
Kevin Rudolf	In The City (Explicit)	Let It Rock
Kevin Rudolf	In The City (Explicit)	Let It Rock
Kid Cudi	Day 'N' Nite	Dat New 'New'
Kid Cudi	Make Her Say (Radio Single) (Explicit)	Make Her Say
Kid Cudi	Man On The Moon: The End Of Day (Explicit)	Cudi Zone
Kid Cudi	Man On The Moon: The End Of Day (Explicit)	Simple As...
Kid Cudi	Man On The Moon: The End Of Day (Explicit)	Soundtrack 2 My Life
Kid Cudi	Man On The Moon: The End Of Day (Explicit)	Up Up & Away (The Wake & Bake Song)
Kid Cudi	Man On The Moon: The End Of Day (Explicit)	Up Up & Away (The Wake & Bake Song)
Kings Of Leon	Because Of The Times	Knocked Up
Klaypex	Loose Dirt	Rain
Kylie Minogue	Fever	Can't Get You Out Of My Head
La Roux	La Roux	Bulletproof
La Roux	Quicksand EP	In For The Kill (Skream's Let's Get Ravey Remix)
Larrikin Love	The Freedom Spark	Happy As Annie
LCD Soundsystem	Sound Of Silver	Get Innocuous!
LCD Soundsystem	Sound Of Silver	Us V Them
Led Zeppelin	Early Days: The Best Of Led Zeppelin Volume One	Black Dog
Led Zeppelin	Led Zeppelin IV	Stairway To Heaven
Lenka	Lenka	Bring Me Down
Lia Ices	Grown Unknown	After Is Always Before
Lia Ices	Grown Unknown	Lilac
Lia Ices	Grown Unknown	New Myth
Lifesavas	Spirit In Stone	Hellohihey
Lil Troy	Sittin' Fat Down South (Explicit)	Wanna Be A Baller (Feat. Yungstar, Fat Pat & Big T)
Lily Allen	Alright Still	Knock 'Em Out
Lily Allen	It's Not Me, It's You	Fuck You
Lily Allen	It's Not Me, It's You	Him
Lily Allen	It's Not Me, It's You	Never Gonna Happen
Lily Allen	It's Not Me, It's You	Not Fair
Lily Allen	Smile	Cheryl Tweedy
Lily Allen	The Fear (Radio Single) (Explicit)	The Fear
Lindsey Stirling	Lindsey Stirling	Anti Gravity
Linkin Park	Minutes To Midnight	Shadow Of The Day
Little People	Mickey Mouse Operation (Mumbo Jumbo/Illicit)	Start Shootin'
Local Natives	Gorilla Manor	Sun Hands
Lovage	Music To Make Love To Your Old Lady By	Stroker Ace
Lucas Grabeel	You Got It (Radio Single)	You Got It
Ludovico Einaudi	Una Mattina	A Fuoco
Lupe Fiasco	Lupe Fiasco's Food & Liquor	Daydreamin'
Lykke Li	Youth Novels	Little Bit
Main Sequence	The Ownership Society	The Guilded Age
Main Sequence	The Ownership Society	The Guilded Age
Man Man	Life Fantastic	Shameless
Massive Attack	Heligoland	Atlas Air
Massive Attack	Heligoland	Girl I Love You
Massive Attack	Mezzanine	Teardrop
Matt & Kim	Grand	Cutdown
Matt & Kim	Grand	Daylight
Matt & Kim	Grand	Daylight
Matt & Kim	Grand	Daylight
Matt & Kim	Grand	Daylight
Mazzy Star	So Tonight That I Might See	Fade Into You
Melpo Mene	Holes	Hello Benjamin
Metric	Fantasies	Gold Guns Girls
Metric	Fantasies	Gold Guns Girls
Metric	Fantasies	Help I'm Alive
Metric	Fantasies	Sick Muse
Metric	Live It Out	Too Little Too Late
MGMT	Oracular Spectacular	Electric Feel
MGMT	Oracular Spectacular	Electric Feel
MGMT	Oracular Spectacular	Kids
MGMT	Oracular Spectacular	Time To Pretend
M.I.A.	Kala	Come Around
M.I.A.	Kala	Paper Planes
M.I.A.	Paper Planes: Homeland Security Remixes	Paper Planes (Scottie B. Remix)
Michael Bublé	Special Delivery EP	Dream A Little Dream Of Me
Miike Snow	Miike Snow	Animal
Miike Snow	Miike Snow	In Search Of
Mika	The Boy Who Knew Too Much	Good Gone Girl
Moby	Play	Natural Blues
Moby	Play	Run On
Modern English	The Best Of Modern English: Life In The Gladhouse (1980-1984)	I Melt With You
Modest Mouse	Building Nothing Out Of Something	Never Ending Math Equation
Modest Mouse	Good News For People Who Love Bad News	Float On
Modest Mouse	Good News For People Who Love Bad News	Float On
Modest Mouse	Good News For People Who Love Bad News	Float On
Modest Mouse	Good News For People Who Love Bad News	Satin In A Coffin
Modest Mouse	Good News For People Who Love Bad News	World At Large
Modest Mouse	Good News For People Who Love Bad News	World At Large
Modest Mouse	The Lonesome Crowded West	Doin' The Cockroach
Modest Mouse	We Were Dead Before The Ship Even Sank	Dashboard
Modest Mouse	We Were Dead Before The Ship Even Sank	Fire It Up
Modest Mouse	We Were Dead Before The Ship Even Sank	Missed The Boat
Modest Mouse	We Were Dead Before The Ship Even Sank	Spitting Venom
Moondog	DJ Kicks	Bird's Lament
Moondog	DJ Kicks	Bird's Lament
Mumford & Sons	I Will Wait (Single)	I Will Wait
Mumford & Sons	Mumford & Sons EP	Hold On To What You Believe (EP Version)
Mumford & Sons	Mumford & Sons EP	The Banjolin Song (EP Version)
Mumford & Sons	Sigh No More	Little Lion Man
Mumm-Ra	(500) Days Of Summer: Music From The Motion Picture	She's Got You High
Muse	Uprising (Radio Single)	Uprising
MUTEMATH	Spotlight (Radio Single)	Spotlight
Nas	God's Son (Explicit)	I Can
Natalie Walker	With You	Too Late
Never Shout Never	The Summer Ep	Happy
Never Shout Never	Trouble (Radio Single)	Trouble
New Order	The Best Of New Order	Age Of Consent
Nightmares On Wax	Carboot Soul	Ethnic Majority
Nightmares On Wax	In A Space Outta Sound	You Wish
Nightmares On Wax	In A Space Outta Sound	You Wish
Nikolai	The Best Of Dream Dance	Ready To Flow
Nirvana	From The Muddy Banks Of The Wishkah	Smells Like Teen Spirit (Live)
Nirvana	Nevermind	Smells Like Teen Spirit
Noah And The Whale	Peaceful, The World Lays Me Down	2 Atoms In A Molecule
Noah And The Whale	Peaceful, The World Lays Me Down	5 Years Time
No Doubt	Return Of Saturn	Bathwater
Odelia	Songs For A Clownfish	4 Feet Of Snow
Ok Go	Oh No	A Million Ways
Ok Go	Oh No	Invincible
Ok Go	OK Go	Don't Ask Me
Ok Go	OK Go	Get Over It
Ok Go	OK Go	Get Over It
OneRepublic	Secrets (Radio Single)	Secrets
Ordinary Peoples	Cause And Effect (Explicit)	Shine
Ordinary Peoples	Cause And Effect (Explicit)	Toe Jam
Orgy	Candyass	Blue Monday
Orgy	Candyass	Blue Monday
Orgy	Vapor Transmission	Opticon
Outkast	Ghetto Musick	Ghetto Musick (Benny Benassi Club Mix)
Owl City	Fireflies (Radio Single)	Fireflies
O-zone	Dragostea Din Tei	Dragostea Din Tei (DJ Ross Extend Rmx)
Parov Stelar	Coco	Wake Up Sister
Parov Stelar	The Paris Swing Box - EP	Baska Brother
Passion Pit	Manners	Little Secrets
Pendulum	Blood Sugar (Radio Single)	Blood Sugar
Pendulum	In Silico	The Other Side
Peter Bjorn And John	Writer's Block	Young Folks
Phantogram	Eyelid Movies	When I'm Small
Phoenix	It's Never Been Like That	Long Distance Call
Phoenix	Wolfgang Amadeus Phoenix	1901
Phoenix	Wolfgang Amadeus Phoenix	Girlfriend
Phutureprimitive	Kinetik	Xotica
Pigeonhed	It's Like The Man Said (Remix)	Battle Flag (Lo-Fidelity Allstars Mix)
Pinback	Autumn Of The Seraphs	Good To Sea
Pink Floyd	Wish You Were Here	Wish You Were Here
Pixies	Doolittle	Here Comes Your Man
Pixies	Surfer Rosa	Where Is My Mind?
Pixies	Surfer Rosa	Where Is My Mind?
Plastic Little	Welcome To The Jang House	Cheap Thrills
Poe	Haunted	Control
Poe	Haunted	Wild
Poe	Hello!	Angry Johnny
Priscilla Ahn	A Good Day	I Don't Think So
Propellerheads	DecksAnDrumsAndRockAndRoll	On Her Majesty's Secret Service
Psycraft	Computech	Night Drive
PT Walkley	And The Adventures Of Track Rabbit	Sentimental Breakdown
Queen	Classic Queen	Bohemian Rhapsody
Queen	Greatest Hits	Fat Bottomed Girls
Radiohead	Hail To The Thief	A Wolf At The Door
Radiohead	In Rainbows	Jigsaw Falling Into Place
Radiohead	OK Computer	Karma Police
Radiohead	OK Computer	Subterranean Homesick Alien
Ratatat	Classics	Lex
Ratatat	Classics	Loud Pipes
Ratatat	Classics	Loud Pipes
Ratatat	LP3	Falcon Jab
Ratatat	LP3	Mirando
Ratatat	Ratatat	Seventeen Years
Razorlight	Razorlight	In The Morning
Razorlight	Up All Night	Golden Touch
Recoil	Subhuman	The Killing Ground
Red Hot Chili Peppers	Stadium Arcadium	Hard To Concentrate
Rednex	Sex & Violins	Cotton Eye Joe
Reel Big Fish	Greatest Hit... And More	Take On Me
Regina Spektor	Begin To Hope	Fidelity
Regina Spektor	Begin To Hope	On The Radio
Regina Spektor	Far	Blue Lips
Regina Spektor	Far	Eet
Regina Spektor	Far	Folding Chair
Regina Spektor	Soviet Kitsch	Us
Regina Spektor	The Chronicles Of Narnia: Prince Caspian (An Original Walt Disney Records Soundtrack)	The Call
R.E.M.	R.E.M. (Live)	Orange Crush (Live)
Rhymefest	Mtv My Block: Chicago	Bullet
Ringside	Ringside	Struggle
RJD2	Deadringer	Ghostwriter
RJD2	Deadringer	Ghostwriter
RJD2	Deadringer	Ghostwriter
RJD2	In Rare Form	Seven Light Years
RJD2	In Rare Form	Seven Light Years
RJD2	In Rare Form	Uprock
RJD2	Prime (Soundtrack)	Ghostwriter (Remix)
RJD2	Since We Last Spoke	Ring Finger
RJD2	Since We Last Spoke	Since We Last Spoke
RJD2	The Horror	The Horror
Rock Kills Kid	Are You Nervous?	Paralyzed
Rock Kills Kid	The OC: Mix 6 - Covering Our Tracks	I Turn My Camera On
Rodrigo Y Gabriela	11:11 	Hanuman
Ronald Jenkees	Disorganized Fun	Disorganized Fun
Ronald Jenkees	Ronald Jenkees	Clutter
Ronald Jenkees	Ronald Jenkees	Super-Fun
Röyksopp	Junior	Royksopp Forever
Ruckus Roboticus	Playing With Scratches	How To Handle Grownups
Ruckus Roboticus	Playing With Scratches	Never Play With Scratches
Rusko	Woo Boost (Single)	Woo Boost
Santigold	Creator / L.E.S. Artistes	L.E.S. Artistes
Santigold	Santogold	I'm A Lady
Santigold	Santogold	My Superman
Santigold	Santogold	Say Aha
Santigold	Santogold	You'll Find A Way
Save Ferris	It Means Everything	Come On Eileen
Scissor Sisters	Ta-Dah	I Can't Decide
Sea Wolf	Get To The River Before It Runs Too Low	You're A Wolf
Shawn Lee's Ping Pong Orchestra	Hits The Hits	Let Me Blow Your Mind
Shawn Lee's Ping Pong Orchestra	Voices & Choices	Kiss The Sky
Shawn Lee's Ping Pong Orchestra	Voices & Choices	Kiss The Sky
Shawn Lee's Ping Pong Orchestra	Voices & Choices	Kiss The Sky
Shawn Lee's Ping Pong Orchestra	Voices & Choices	Kiss The Sky
She Wants Revenge	She Wants Revenge	These Things
Shiny Toy Guns	Major Tom (Radio Single)	Major Tom
Silversun Pickups	Carnavas	Future Foe Scenarios
Silversun Pickups	Carnavas	Lazy Eye
Silversun Pickups	Seasick (Single)	Ribbons & Detours
Silversun Pickups	Swoon	The Royal We
Sisterlove	Cafe Del Mar, Vol. 1	The Hypnotist
Slainte Mhath	Va	Annie
Slainte Mhath	Va	Ox
Sleep (Oldominion)	Christopher	Say Goodbye
Smashing Pumpkins	Adore	Perfect
Smashing Pumpkins	Mellon Collie And The Infinite Sadness	1979
Smashing Pumpkins	Mellon Collie And The Infinite Sadness	Tonight, Tonight
Smash Mouth	Astro Lounge	All Star
Smash Mouth	Fush Yu Mang	Walkin' On The Sun
Snow Patrol	Eyes Open	Shut Your Eyes
Soft Cell	Non-Stop Erotic Cabaret	Tainted Love
Soft Cell	The Very Best Of Soft Cell	Where Did Our Love Go?
Soulwax	50,000,000 Soulwax Fans Can't Be Wrong	Just Let Go (Thin White Duke Remix) (feat. Fischerspooner)
Soulwax	Any Minute Now	Miserable Girl
Soulwax	Nite Versions	E Talking
Soulwax	Nite Versions	Teachers
Space Cowboy	Digital Rock Star	Falling Down
Spoon	Ga Ga Ga Ga Ga	Don't You Evah
Spoon	Ga Ga Ga Ga Ga	Rhythm & Soul
Spoon	Gimme Fiction	I Summon You
Spoon	Kill The Moonlight	The Way We Get By
Stanton Warriors	Precinct	Precinct
Storm	Dave Pearce Dance Anthems Classics	Time To Burn
Sublime	Sublime (Bonus Tracks Edition)	Doin' Time
Suzanne Vega	The Best Of Suzanne Vega Tried And True	Tom's Diner (DNA Featuring Suzanne Vega)
Talib Kweli	Right About Now: The Official Sucka Free Mix CD (Explicit)	Ms. Hill
t.A.T.u.	200 KMH In The Wrong Lane	All The Things She Said
Telepath	Crush	Justify
The Airborne Toxic Event	The Airborne Toxic Event	Sometime Around Midnight
The Animals	The Complete Animals	The House Of The Rising Sun
The Anix	The Dark Box: The Ultimate Goth Wave & Industrial Collection 1980-2011	Cry Little Sister
The Avalanches	Since I Left You	Frontier Psychiatrist
The Beatles	Love	Eleanor Rigby / Julia (Transition) (Love Version)
The Beatles	Past Masters The Beatles / Past Masters Vol. 2	Revolution
The Beatles	The Beatles (The White Album)	Blackbird
The Black Keys	Attack & Release	Oceans And Streams
The Black Keys	Magic Potion	Strange Desire
The Black Keys	Ohio (Radio Single)	Ohio
The Black Keys	Rubber Factory	The Lengths
The Black Keys	Tighten Up (Single)	Tighten Up
The Bloodhound Gang	Hooray For Boobies	The Bad Touch
The Bravery	The Bravery	An Honest Mistake
The Bravery	The Sun And The Moon	Above And Below
The Bravery	The Sun And The Moon Complete [2 Cd]	Believe (Alt. Version)
The Bravery	The Sun And The Moon	This Is Not The End
The Cardigans	Gran Turismo	My Favorite Game
The Cardigans	Life	Fine
The Chemical Brothers	Push The Button	Galvanize
The Chicharones	Boss Hogs	America The Beautiful
The Chicharones	Boss Hogs	Take 'em Down
The Chicharones	When Pigs Fly	Fiesta
The Chicharones	When Pigs Fly	Guys Like Me
The Chicharones	When Pigs Fly	Little By Little
The Contact	Canvas Tears	Major Tom (Coming Home)
The Cranberries	No Need To Argue	Zombie
The Crystal Method	Vegas	Keep Hope Alive
The Crystal Method	Vegas	Trip Like I Do
The Cure	Disintegration	Love Song
The Cure	The Head On The Door	Close To Me
The Dandy Warhols	Welcome To The Monkey House	The Last High
The Dandy Warhols	Welcome To The Monkey House	The Last High
The Decemberists	The Crane Wife	Summersong
The Decemberists	The Crane Wife	Summersong
The Doors	The Doors	Break On Through
The Eels	Souljacker	Fresh Feeling
The Fratellis	Chelsea Dagger	Chelsea Dagger
The Fratellis	Chelsea Dagger	Chelsea Dagger
The Fratellis	Costello Music	For The Girl
The Fratellis	Costello Music	Henrietta
The Fratellis	Costello Music	Vince The Loveable Stoner
The Fratellis	Costello Music	Whistle For The Choir
The Fratellis	Costello Music	Whistle For The Choir
The Fratellis	Flathead [Radio Single]	Flathead
The Fratellis	Flathead [Radio Single]	Flathead
The Fratellis	Here We Stand	Acid Jazz Singer
The Fratellis	Here We Stand	Tell Me A Lie
The Herd (Rap)	The Sun Never Sets	Full Moon
The Herd (Rap)	The Sun Never Sets	Unpredictable
The Herd (Rap)	The Sun Never Sets	We Can't Hear You
The Holloways	So This Is Great Britain?	Generator
The Killers	Hot Fuss	Mr. Brightside
The Killers	Hot Fuss	Smile Like You Mean It
The Killers	Hot Fuss	Somebody Told Me
The Killers	Hot Fuss	Somebody Told Me
The Killers	Sam's Town	Exitlude
The Killers	Sam's Town	Read My Mind
The Killers	Sawdust	Sam's Town (Abbey Road Version)
The Killers	Sawdust	Tranquilize
The Killers	Spaceman (Radio Single)	Spaceman
The Maccabees	Colour It In	Lego
The Maccabees	Colour It In	X-Ray
The Notorious B.I.G.	Bad Boy's 10th Anniversary...The Hits (Explicit)	Big Poppa
The Octopus Project	Identification Parade	Porno Disaster
The Offspring	Rise And Fall, Rage And Grace (Explicit)	You're Gonna Go Far, Kid
The Offspring	Rise And Fall, Rage And Grace (Explicit)	You're Gonna Go Far, Kid
The Pierces	Thirteen Tales Of Love And Revenge	Lights On
The Postal Service	Give Up	Such Great Heights
The Postal Service	Imaginary Heros: Original Motion Picture Soundtrack	The District Sleeps Alone Tonight
The Proclaimers	The Best Of The Proclaimers	I'm Gonna Be (500 Miles)
The Prodigy (Dance)	Invaders Must Die	Invaders Must Die
The Prodigy (Dance)	Omen	Omen (Instrumental)
The Raconteurs	Consolers Of The Lonely	Carolina Drama
The Raconteurs	Consolers Of The Lonely	Rich Kid Blues
The Raconteurs	Steady, As She Goes	Steady, As She Goes
The Raconteurs	Steady, As She Goes	Steady, As She Goes
The Rolling Stones	Aftermath	Paint It Black
The Rolling Stones	Beggars Banquet	Sympathy For The Devil
The Rolling Stones	Shine A Light (Deluxe Version)	Paint It Black (Live 2008)
The Roots	Phrenology (Explicit)	The Seed 2.0
The Section Quartet	Fuzzbox	No One Knows
The Section Quartet	Fuzzbox	Such Great Heights
The Section Quartet	Fuzzbox	Such Great Heights
The Shins	Chutes Too Narrow	Pink Bullets
The Shins	Chutes Too Narrow	Saint Simon
The Shins	Chutes Too Narrow	Those To Come
The Shins	Garden State: Music From The Motion Picture	New Slang
The Shins	Goodbye Girl (CD Single)	Goodbye Girl
The Shins	Know Your Onion!	New Slang (Live)
The Shins	Know Your Onion!	New Slang (Live)
The Shins	Phantom Limb	Phantom Limb
The Shins	So Says I (Single)	Gone For Good (Alternate Version)
The Shins	Wincing The Night Away	Australia
The Shins	Wincing The Night Away	Sleeping Lessons
The Smiths	The Sound Of The Smiths	How Soon Is Now?
The Soggy Bottom Boys	O Brother, Where Art Thou?	I Am A Man Of Constant Sorrow
The Strokes	First Impressions Of Earth (Explicit)	Electricityscape
The Strokes	Is This It	Someday
The Strokes	Room On Fire	Between Love & Hate
The Submarines	Honeysuckle (Remixes)	1940 (Amplive Remix)
The Submarines	Honeysuckle (Remixes)	1940 (Amplive Remix)
The Submarines	Honeysuckle (Remixes)	1940 (Amplive Remix)
The Submarines	Honeysuckle Weeks	1940
The Temper Trap	(500) Days Of Summer: Music From The Motion Picture	Sweet Disposition
The Ting Tings	Shut Up And Let Me Go (Radio Single)	Shut Up And Let Me Go
The Verve	Urban Hymns	Bitter Sweet Symphony
The Vitamin String Quartet	Performs AC/DC	Back In Black
The Wallflowers	Bringing Down The Horse	One Headlight
The White Stripes	Elephant	Seven Nation Army
The White Stripes	Elephant	The Hardest Button To Button
The White Stripes	Get Behind Me Satan	My Doorbell
The White Stripes	Get Behind Me Satan	The Denial Twist
The White Stripes	Icky Thump	A Martyr For My Love For You
The White Stripes	Walking With A Ghost	Walking With A Ghost
The White Stripes	White Blood Cells	We're Going To Be Friends
The xx	Coexist	Sunset
The xx	Xx	Crystalised
The xx	Xx	Infinity
The xx	Xx	Infinity
The xx	Xx	Infinity
The xx	Xx	Intro
Thirsty Merc	Thirsty Merc	Claude Monet
Tiesto	Elements Of Life	He's A Pirate
Tim Tim	Electro Swing, Vol. 2	Rum'n'cocacola (Shake It Up Well)
Tom Waits	Bone Machine	I Don't Wanna Grow Up
Tony Anthem & Axl Ender	Nightfall (Single)	Nightfall
Toploader	Onka's Big Moka	Dancing In The Moonlight
Train	Drops Of Jupiter	Drops Of Jupiter
Train	Hey, Soul Sister	Hey, Soul Sister
Transplants	Transplants	Diamonds And Guns
U2	All That You Can't Leave Behind	Beautiful Day
U2	Under A Blood Red Sky (Live)	Sunday Bloody Sunday (Live At Red Rocks)
Uberzone	Faith In The Future	Botz (Synthetik)
Unix	Blast The Speakers: The Best Of Hard Trance & Progressive Dance	Wild Pleasure
Urbs	Toujours Le Meme Film	Tu Moi Aussi?
Vampire Weekend	Vampire Weekend (Explicit)	M79
Vampire Weekend	Vampire Weekend (Explicit)	Oxford Comma
Velvet Acid Christ	Fun With Knives	Fun With Drugs
Visioneers	Dirty Old Hip Hop	Ike's Mood I
Vitalic	OK Cowboy	My Friend Dario
VNV Nation	Judgement	Illusion
VNV Nation	Matter + Form	Arena
Voodoo & Serano	Dance Essentials: The Collection, Vol. 1-3	Blood Is Pumpin'
Wax Tailor	Say Yes (Single)	Say Yes
Wax Tailor	Say Yes (Single)	Say Yes (Instrumental Mix)
Wax Tailor	Tales Of The Forgotten Melodies	How I Feel
Wax Tailor	Tales Of The Forgotten Melodies	I Don't Know
Wax Tailor	Tales Of The Forgotten Melodies	Que Sera
Wax Tailor	Tales Of The Forgotten Melodies	Que Sera
We Are Scientists	Brain Thrust Mastery	After Hours
We Are Scientists	With Love And Squalor	Can't Lose
We Are Scientists	With Love And Squalor	Inaction
We Are Scientists	With Love And Squalor	Lousy Reputation
We Are Scientists	With Love And Squalor	Nobody Move, Nobody Gets Hurt
Weezer	Raditude (Deluxe Edition)	I Don't Want To Let You Go
Weezer	Raditude (Deluxe Edition)	(If You're Wondering If I Want You To) I Want You To
White Town	Women In Technology	Your Woman
White Town	Women In Technology	Your Woman
White Town	Women In Technology	Your Woman
Working For A Nuclear Free City	Businessmen & Ghosts	Asleep At The Wheel
Yeah Yeah Yeahs	Fever To Tell (Explicit)	Maps
Yelle	Pop-Up	Ce Jeu
Yoshida Brothers	Prism	National Anthem
Youth Group	The OC Mix 5	Forever Young
Zero 7	Simple Things	In The Waiting Line
Zion I	I Love The Bay (Explicit)	Don't Lose Your Head
Zion I	The Take Over	Coastin' (feat. K. Flay)
